"Z","X","datavenda","mes","weekday","margem","venda","desconto","outdesc","outmg"
"1",1,20200801,"agosto","sexta-feira",0.406110543,110042.46,9190.907534,0,0
"2",2,20200802,"agosto","sabado",0.416021817,58377.32,5713.043012,0,0
"3",3,20200803,"agosto","domingo",0.431992818,64635.39,8621.708915,0,0
"4",4,20200804,"agosto","segunda-feira",0.409215922,140417.321,18312.96564,0,0
"5",5,20200805,"agosto","terca-feira",0.449647565,149700.286,19942.7413,0,0
"6",6,20200806,"agosto","quarta-feira",0.439396726,129662.053,17093.30621,0,0
"7",7,20200807,"agosto","quinta-feira",0.429216062,133359.232,14588.31925,0,0
"8",8,20200808,"agosto","sexta-feira",0.455002428,112071.1,16798.36804,0,0
"9",9,20200809,"agosto","sabado",0.449539824,111870.41,19037.23947,0,0
"10",10,20200810,"agosto","domingo",0.467541699,91762.2,16974.13009,0,0
"11",11,20200811,"agosto","segunda-feira",0.42526276,137730.94,13539.82921,0,0
"12",12,20200812,"agosto","terca-feira",0.42970555,128099.411,9243.775482,0,0
"13",13,20200813,"agosto","quarta-feira",0.437405242,118893.844,9872.581459,0,0
"14",14,20200814,"agosto","quinta-feira",0.456476041,123830.082,16036.50371,0,0
"15",15,20200815,"agosto","sexta-feira",0.441478855,128679.703,20632.06981,0,0
"16",16,20200816,"agosto","sabado",0.401704604,118325.24,12500.83054,0,0
"17",17,20200817,"agosto","domingo",0.420967483,123964.47,16093.65581,0,0
"18",18,20200818,"agosto","segunda-feira",0.418110568,150145.806,16165.99376,0,0
"19",19,20200819,"agosto","terca-feira",0.434901013,131380.592,16977.36543,0,0
"20",20,20200820,"agosto","quarta-feira",0.394251895,146732.435,14659.71538,0,0
"21",21,20200821,"agosto","quinta-feira",0.41238224,119766.519,15517.83692,0,0
"22",22,20200822,"agosto","sexta-feira",0.410868818,89935.341,10572.53386,0,0
"23",23,20200823,"agosto","sabado",0.410116185,75009.51,8076.136787,0,0
"24",24,20200824,"agosto","domingo",0.426820279,80499.27,12300.47343,0,0
"25",25,20200825,"agosto","segunda-feira",0.394198555,110725.561,8848.947597,0,0
"26",26,20200826,"agosto","terca-feira",0.37945537,107951.814,8302.761755,0,0
"27",27,20200827,"agosto","quarta-feira",0.377643445,118215.518,10459.51524,0,0
"28",28,20200828,"agosto","quinta-feira",0.399795443,125583.493,14655.09637,0,0
"29",29,20200829,"agosto","sexta-feira",0.445992885,100427.893,15146.16691,0,0
"30",30,20200830,"agosto","sabado",0.39644587,62930.311,6982.178979,0,0
"31",31,20200831,"agosto","domingo",0.427577067,58287.78,7238.729366,0,0
"32",32,20200901,"setembro","segunda-feira",0.378133131,83200.8,5636.335222,0,0
"33",33,20200902,"setembro","terca-feira",0.434358902,95449.441,10975.25997,0,0
"34",34,20200903,"setembro","quarta-feira",0.409208109,86219.96,7407.436157,0,0
"35",35,20200904,"setembro","quinta-feira",0.404937693,99481,8882.818775,0,0
"36",36,20200905,"setembro","sexta-feira",0.410920173,78161.402,8091.206437,0,0
"37",37,20200906,"setembro","sabado",0.434788608,47923.57,5140.924183,0,0
"38",38,20200907,"setembro","domingo",0.454363146,71299.95,8417.054183,0,0
"39",39,20200908,"setembro","segunda-feira",0.424794221,132714.348,10092.63725,0,0
"40",40,20200909,"setembro","terca-feira",0.419894986,116064.691,14924.58042,0,0
"41",41,20200910,"setembro","quarta-feira",0.437218398,106621.581,12263.11316,0,0
"42",42,20200911,"setembro","quinta-feira",0.436279136,112081.097,9970.126032,0,0
"43",43,20200912,"setembro","sexta-feira",0.428236025,83360.064,8355.289874,0,0
"44",44,20200913,"setembro","sabado",0.417382013,40549.12,2972.16777,0,0
"45",45,20200914,"setembro","domingo",0.447915244,55400.54,5079.430042,0,0
"46",46,20200915,"setembro","segunda-feira",0.447380723,125215.452,13178.06285,0,0
"47",47,20200916,"setembro","terca-feira",0.428349217,82578.812,8047.468174,0,0
"48",48,20200917,"setembro","quarta-feira",0.449510398,83361.636,11595.08334,0,0
"49",49,20200918,"setembro","quinta-feira",0.477227487,97541.166,18958.78539,0,0
"50",50,20200919,"setembro","sexta-feira",0.451735101,91881.56,14374.33536,0,0
"51",51,20200920,"setembro","sabado",0.470127148,56999.32,10093.6728,0,0
"52",52,20200921,"setembro","domingo",0.431191244,56654,6728.231547,0,0
"53",53,20200922,"setembro","segunda-feira",0.459462824,141308.308,25809.69223,1,0
"54",54,20200923,"setembro","terca-feira",0.459084725,116643.092,17835.11358,0,0
"55",55,20200924,"setembro","quarta-feira",0.470197891,109316.834,20670.26064,0,0
"56",56,20200925,"setembro","quinta-feira",0.420557769,89637.44,13836.99249,0,0
"57",57,20200926,"setembro","sexta-feira",0.43214112,73013.84,8151.970002,0,0
"58",58,20200927,"setembro","sabado",0.424202958,55986.72,9249.05578,0,0
"59",59,20200928,"setembro","domingo",0.418470899,79482.6,11118.38019,0,0
"60",60,20200929,"setembro","segunda-feira",0.435713301,140869.632,22132.10361,0,0
"61",61,20200930,"setembro","terca-feira",0.421733549,108458.83,14228.18295,0,0
"62",62,20201001,"outubro","quarta-feira",0.46765071,131995.2,21868.88528,0,0
"63",63,20201002,"outubro","quinta-feira",0.434896558,98759.118,12538.78786,0,0
"64",64,20201003,"outubro","sexta-feira",0.472685114,102928.196,14146.17955,0,0
"65",65,20201004,"outubro","sabado",0.467799143,47364.26,6031.043362,0,0
"66",66,20201005,"outubro","domingo",0.456387664,62724.94,9121.092116,0,0
"67",67,20201006,"outubro","segunda-feira",0.435425039,114038.216,12777.98288,0,0
"68",68,20201007,"outubro","terca-feira",0.455724905,107232.39,10939.08504,0,0
"69",69,20201008,"outubro","quarta-feira",0.45221968,105252.748,13041.42268,0,0
"70",70,20201009,"outubro","quinta-feira",0.472497595,90520.242,11811.61817,0,0
"71",71,20201010,"outubro","sexta-feira",0.459670165,89928.334,12340.91021,0,0
"72",72,20201011,"outubro","sabado",0.500692175,69214.32,13726.11177,0,0
"73",73,20201012,"outubro","domingo",0.455339801,53262.04,7252.98798,0,0
"74",74,20201013,"outubro","segunda-feira",0.418894466,135542.624,10647.47658,0,0
"75",75,20201014,"outubro","terca-feira",0.443414523,92869.486,8618.080945,0,0
"76",76,20201015,"outubro","quarta-feira",0.430574491,85436.66,7721.337731,0,0
"77",77,20201016,"outubro","quinta-feira",0.449559117,92634.124,10078.78744,0,0
"78",78,20201017,"outubro","sexta-feira",0.432113121,68685.454,3737.716363,0,0
"79",79,20201018,"outubro","sabado",0.503328277,57874.4,10411.77685,0,0
"80",80,20201019,"outubro","domingo",0.475314157,73788.74,9939.120504,0,0
"81",81,20201020,"outubro","segunda-feira",0.431853681,115093.184,11117.52497,0,0
"82",82,20201021,"outubro","terca-feira",0.461493591,110626.768,12439.01494,0,0
"83",83,20201022,"outubro","quarta-feira",0.446936077,114132.922,13996.87542,0,0
"84",84,20201023,"outubro","quinta-feira",0.514174268,133400.418,16093.7631,0,0
"85",85,20201024,"outubro","sexta-feira",0.463439424,104699.216,13795.86287,0,0
"86",86,20201025,"outubro","sabado",0.488191461,64437.56,11697.7415,0,0
"87",87,20201026,"outubro","domingo",0.442342263,61341.82,9141.35115,0,0
"88",88,20201027,"outubro","segunda-feira",0.438941349,110656.2925,10918.74742,0,0
"89",89,20201028,"outubro","terca-feira",0.454956886,108895.756,11867.02717,0,0
"90",90,20201029,"outubro","quarta-feira",0.474327244,106445.1389,12977.12989,0,0
"91",91,20201030,"outubro","quinta-feira",0.45402222,100518.0757,12522.59489,0,0
"92",92,20201031,"outubro","sexta-feira",0.474889638,86519.922,7738.348789,0,0
"93",93,20201101,"novembro","sabado",0.456596954,51102.63,5033.787795,0,0
"94",94,20201102,"novembro","domingo",0.444361779,73211.56,7848.097174,0,0
"95",95,20201103,"novembro","segunda-feira",0.441816598,120428.034,12604.90823,0,0
"96",96,20201104,"novembro","terca-feira",0.435185023,143670.688,17484.04584,0,0
"97",97,20201105,"novembro","quarta-feira",0.437199354,125676.342,13131.19197,0,0
"98",98,20201106,"novembro","quinta-feira",0.447895125,102142.552,12257.85483,0,0
"99",99,20201107,"novembro","sexta-feira",0.431752226,78466.986,8087.04093,0,0
"100",100,20201108,"novembro","sabado",0.436743493,49464.52,6018.145331,0,0
"101",101,20201109,"novembro","domingo",0.442280887,79903.59,10192.39168,0,0
"102",102,20201110,"novembro","segunda-feira",0.437481017,129544.778,12519.90619,0,0
"103",103,20201111,"novembro","terca-feira",0.420209806,102310.059,7904.829905,0,0
"104",104,20201112,"novembro","quarta-feira",0.428077514,105861.4763,7784.68973,0,0
"105",105,20201113,"novembro","quinta-feira",0.437637946,89786.4564,9300.569967,0,0
"106",106,20201114,"novembro","sexta-feira",0.421260014,66942.3065,6010.998138,0,0
"107",107,20201115,"novembro","sabado",0.434237802,39676.31,5572.647248,0,0
"108",108,20201116,"novembro","domingo",0.440220762,73051.17,10632.03809,0,0
"109",109,20201117,"novembro","segunda-feira",0.424618289,128459.2348,12145.55409,0,0
"110",110,20201118,"novembro","terca-feira",0.416131826,91296.3137,7634.068362,0,0
"111",111,20201119,"novembro","quarta-feira",0.431397626,92494.9908,8816.186047,0,0
"112",112,20201120,"novembro","quinta-feira",0.414330014,71883.0204,7336.77155,0,0
"113",113,20201121,"novembro","sexta-feira",0.422762132,68114.6709,6911.150978,0,0
"114",114,20201122,"novembro","sabado",0.464443389,49668.16,6384.449572,0,0
"115",115,20201123,"novembro","domingo",0.467568335,55659.88,8080.095634,0,0
"116",116,20201124,"novembro","segunda-feira",0.412207189,96902.0846,7744.978711,0,0
"117",117,20201125,"novembro","terca-feira",0.417966604,80212.3353,9391.815403,0,0
"118",118,20201126,"novembro","quarta-feira",0.420460552,90604.1211,9788.852234,0,0
"119",119,20201127,"novembro","quinta-feira",0.379258228,115098.4939,11207.08256,0,0
"120",120,20201128,"novembro","sexta-feira",0.343822387,577017.3896,48454.40708,1,0
"121",121,20201129,"novembro","sabado",0.355572168,201000.33,18247.48092,0,0
"122",122,20201130,"novembro","domingo",0.355137498,116377.13,8964.718238,0,0
"123",123,20201201,"dezembro","segunda-feira",0.346917592,186758.7249,13320.62818,0,0
"124",124,20201202,"dezembro","terca-feira",0.368444293,118377.1168,7188.306069,0,0
"125",125,20201203,"dezembro","quarta-feira",0.392301963,103792.437,8993.12138,0,0
"126",126,20201204,"dezembro","quinta-feira",0.379968644,72409.5311,5328.906706,0,0
"127",127,20201205,"dezembro","sexta-feira",0.400020087,73396.81,6237.234764,0,0
"128",128,20201206,"dezembro","sabado",0.415121844,51462.06,6011.867898,0,0
"129",129,20201207,"dezembro","domingo",0.369130369,52047.66,3467.689704,0,0
"130",130,20201208,"dezembro","segunda-feira",0.412884514,116967.93,9124.581176,0,0
"131",131,20201209,"dezembro","terca-feira",0.399404728,86829.5462,8295.50563,0,0
"132",132,20201210,"dezembro","quarta-feira",0.371493376,66758.82,4683.100011,0,0
"133",133,20201211,"dezembro","quinta-feira",0.387072435,89955.95,9904.906189,0,0
"134",134,20201212,"dezembro","sexta-feira",0.366485471,64306.46,4281.64904,0,0
"135",135,20201213,"dezembro","sabado",0.39924209,46546.2,3712.369737,0,0
"136",136,20201214,"dezembro","domingo",0.382932062,52722.25,4138.105745,0,0
"137",137,20201215,"dezembro","segunda-feira",0.367337286,124385.554,9705.093615,0,0
"138",138,20201216,"dezembro","terca-feira",0.382322335,116161.944,11196.73005,0,0
"139",139,20201217,"dezembro","quarta-feira",0.381193985,99144.772,9466.031146,0,0
"140",140,20201218,"dezembro","quinta-feira",0.376627264,85987.9,9260.527405,0,0
"141",141,20201219,"dezembro","sexta-feira",0.358405413,62657.41,5137.351608,0,0
"142",142,20201220,"dezembro","sabado",0.365775902,33564.5,3460.031104,0,0
"143",143,20201221,"dezembro","domingo",0.359916253,48635.9,4132.501753,0,0
"144",144,20201222,"dezembro","segunda-feira",0.342698506,59390.4,3364.668079,0,0
"145",145,20201223,"dezembro","terca-feira",0.333302194,77819.608,5913.384692,0,0
"146",146,20201224,"dezembro","quarta-feira",0.308749748,44153.33,2412.433966,0,1
"147",147,20201225,"dezembro","quinta-feira",0.329309509,35590.01,3257.385504,0,0
"148",148,20201226,"dezembro","sexta-feira",0.326967658,92215.33,6813.19338,0,0
"149",149,20201227,"dezembro","sabado",0.343193793,71988.35,5259.169869,0,0
"150",150,20201228,"dezembro","domingo",0.290703388,28421.2,1033.59,0,1
"151",151,20201229,"dezembro","segunda-feira",0.343075719,90091.964,6408.318718,0,0
"152",152,20201230,"dezembro","terca-feira",0.386549622,59880.96,7414.770105,0,0
"153",153,20201231,"dezembro","quarta-feira",0.342505053,42261.7,4497.686094,0,0
"154",154,20210101,"janeiro","quinta-feira",0.383056597,30901.45,1765.353208,0,0
"155",155,20210102,"janeiro","sexta-feira",0.357612575,75801.64,4106.619818,0,0
"156",156,20210103,"janeiro","sabado",0.378214313,41756,3779.602855,0,0
"157",157,20210104,"janeiro","domingo",0.382188813,46332.9,3559.789449,0,0
"158",158,20210105,"janeiro","segunda-feira",0.359743777,153574.874,9093.071809,0,0
"159",159,20210106,"janeiro","terca-feira",0.35369277,170019.948,11767.71083,0,0
"160",160,20210107,"janeiro","quarta-feira",0.363274724,126650.842,8598.126306,0,0
"161",161,20210108,"janeiro","quinta-feira",0.356775476,127614.998,9701.565712,0,0
"162",162,20210109,"janeiro","sexta-feira",0.38013983,104789.04,9431.610165,0,0
"163",163,20210110,"janeiro","sabado",0.414123773,43308.1,3530.425504,0,0
"164",164,20210111,"janeiro","domingo",0.395661127,54593.31,4228.279086,0,0
"165",165,20210112,"janeiro","segunda-feira",0.361275179,139432.33,7185.159087,0,0
"166",166,20210113,"janeiro","terca-feira",0.360495219,142889.532,10492.66416,0,0
"167",167,20210114,"janeiro","quarta-feira",0.381272924,90749.996,7407.614346,0,0
"168",168,20210115,"janeiro","quinta-feira",0.393490531,88990.51,6585.661767,0,0
"169",169,20210116,"janeiro","sexta-feira",0.421317301,105553.36,8131.099355,0,0
"170",170,20210117,"janeiro","sabado",0.415119896,40232.55,4445.672833,0,0
"171",171,20210118,"janeiro","domingo",0.387538697,53553.3,3629.077983,0,0
"172",172,20210119,"janeiro","segunda-feira",0.374114089,134210.386,7521.264979,0,0
"173",173,20210120,"janeiro","terca-feira",0.391213011,108461.01,6525.353166,0,0
"174",174,20210121,"janeiro","quarta-feira",0.373712548,110959.488,7445.808114,0,0
"175",175,20210122,"janeiro","quinta-feira",0.383539571,86276.312,4279.871596,0,0
"176",176,20210123,"janeiro","sexta-feira",0.390372063,71397.804,5592.370938,0,0
"177",177,20210124,"janeiro","sabado",0.379596138,56195.35,3637.797193,0,0
"178",178,20210125,"janeiro","domingo",0.36933158,93749.92,6053.886969,0,0
"179",179,20210126,"janeiro","segunda-feira",0.379715284,142751.516,9146.56488,0,0
"180",180,20210127,"janeiro","terca-feira",0.396818309,120867.842,8266.667201,0,0
"181",181,20210128,"janeiro","quarta-feira",0.370915921,114532.51,8288.05454,0,0
"182",182,20210129,"janeiro","quinta-feira",0.384911463,114519.224,9474.697409,0,0
"183",183,20210130,"janeiro","sexta-feira",0.40707314,87932.18,8017.649567,0,0
"184",184,20210131,"janeiro","sabado",0.413251812,57547.21,7522.268136,0,0
"185",185,20210201,"fevereiro","domingo",0.36157736,128126.11,6640.479638,0,0
"186",186,20210202,"fevereiro","segunda-feira",0.391086038,113486.58,10130.79509,0,0
"187",187,20210203,"fevereiro","terca-feira",0.410486045,128266.65,11557.54715,0,0
"188",188,20210204,"fevereiro","quarta-feira",0.419385651,86936.09,7027.14988,0,0
"189",189,20210205,"fevereiro","quinta-feira",0.41162624,63860.51,4816.120706,0,0
"190",190,20210206,"fevereiro","sexta-feira",0.416143015,75247.19,9025.689048,0,0
"191",191,20210207,"fevereiro","sabado",0.420297711,49315.01,3189.070318,0,0
"192",192,20210208,"fevereiro","domingo",0.399252987,39117.48,2495.669509,0,0
"193",193,20210209,"fevereiro","segunda-feira",0.393061656,98625.86,5748.442338,0,0
"194",194,20210210,"fevereiro","terca-feira",0.373587586,94561.5,4678.106703,0,0
"195",195,20210211,"fevereiro","quarta-feira",0.380162133,127803.59,11100.53176,0,0
"196",196,20210212,"fevereiro","quinta-feira",0.399941152,95920.64,5146.263997,0,0
"197",197,20210213,"fevereiro","sexta-feira",0.425003265,88014.5,7501.202752,0,0
"198",198,20210214,"fevereiro","sabado",0.38083393,39914.51,868.22,0,0
"199",199,20210215,"fevereiro","domingo",0.38956722,38926.34,3280.841569,0,0
"200",200,20210216,"fevereiro","segunda-feira",0.403068228,64279.08,3707.798029,0,0
"201",201,20210217,"fevereiro","terca-feira",0.421446654,75519.41,6446.061569,0,0
"202",202,20210218,"fevereiro","quarta-feira",0.403054676,108388.47,8740.748261,0,0
"203",203,20210219,"fevereiro","quinta-feira",0.398600713,93168.37,7182.175153,0,0
"204",204,20210220,"fevereiro","sexta-feira",0.402032743,82177.15,6213.461323,0,0
"205",205,20210221,"fevereiro","sabado",0.422029052,90980.57,9301.543899,0,0
"206",206,20210222,"fevereiro","domingo",0.412946457,77753.41,6673.97,0,0
"207",207,20210223,"fevereiro","segunda-feira",0.378710606,115394.33,5617.688693,0,0
"208",208,20210224,"fevereiro","terca-feira",0.386864943,71912.12,4476.59,0,0
"209",209,20210225,"fevereiro","quarta-feira",0.391708223,78493.49,4713.936545,0,0
"210",210,20210226,"fevereiro","quinta-feira",0.402556542,83406.12,5333.873343,0,0
"211",211,20210227,"fevereiro","sexta-feira",0.400791293,68459.11,4080.2,0,0
"212",212,20210228,"fevereiro","sabado",0.369943756,25577.87,1227.97,0,0
"213",213,20210301,"mar?o","domingo",0.448912307,58301.79,6850.96,0,0
"214",214,20210302,"mar?o","segunda-feira",0.422104607,110798.91,8409.66,0,0
"215",215,20210303,"mar?o","terca-feira",0.400767071,91517.61,5337.61,0,0
"216",216,20210304,"mar?o","quarta-feira",0.395225844,97908.83,6920.359782,0,0
"217",217,20210305,"mar?o","quinta-feira",0.367358412,83553.81,4403.84333,0,0
"218",218,20210306,"mar?o","sexta-feira",0.39500031,76637.15,2993.690187,0,0
"219",219,20210307,"mar?o","sabado",0.35384327,80674.21,2560.65,0,0
"220",220,20210308,"mar?o","domingo",0.378440235,107011.29,7156.815727,0,0
"221",221,20210309,"mar?o","segunda-feira",0.384470048,97772.46,4022.652299,0,0
"222",222,20210310,"mar?o","terca-feira",0.382424208,89438.21,2098.5,0,0
"223",223,20210311,"mar?o","quarta-feira",0.389859695,82462.9,5064,0,0
"224",224,20210312,"mar?o","quinta-feira",0.395214886,73135.26,4267.258569,0,0
"225",225,20210313,"mar?o","sexta-feira",0.378442675,99304.23,3787.87,0,0
"226",226,20210314,"mar?o","sabado",0.351437659,93126.98,5055.65,0,0
"227",227,20210315,"mar?o","domingo",0.371224172,146136.04,8392.22054,0,0
"228",228,20210316,"mar?o","segunda-feira",0.398705061,127568.77,6695.101252,0,0
"229",229,20210317,"mar?o","terca-feira",0.400773097,104252.62,4664.687659,0,0
"230",230,20210318,"mar?o","quarta-feira",0.376345737,146107.41,12417.95,0,0
"231",231,20210319,"mar?o","quinta-feira",0.379950254,132064.2,10489.07753,0,0
"232",232,20210320,"mar?o","sexta-feira",0.363751807,69471.1,3986.971358,0,0
"233",233,20210321,"mar?o","sabado",0.408560827,41756.5,2560.658303,0,0
"234",234,20210322,"mar?o","domingo",0.367019324,56683.8,2912.253343,0,0
"235",235,20210323,"mar?o","segunda-feira",0.399111891,100315.47,5919.674304,0,0
"236",236,20210324,"mar?o","terca-feira",0.405495778,80282.4,6385.873738,0,0
"237",237,20210325,"mar?o","quarta-feira",0.384032162,69569.98,3464.419872,0,0
"238",238,20210326,"mar?o","quinta-feira",0.412651617,59351.74,4750.359872,0,0
"239",239,20210327,"mar?o","sexta-feira",0.404515649,48682.25,2121.80951,0,0
"240",240,20210328,"mar?o","sabado",0.425726468,47117.7,3856.386532,0,0
"241",241,20210329,"mar?o","domingo",0.414183285,53897.52,2248.269872,0,0
"242",242,20210330,"mar?o","segunda-feira",0.412706086,92303.2,5102.74333,0,0
"243",243,20210331,"mar?o","terca-feira",0.399198744,72182.11,4415.436606,0,0
"244",244,20210401,"abril","quarta-feira",0.39532591,62594.16,3838.723142,0,0
"245",245,20210402,"abril","quinta-feira",0.387644903,55886.29,1920.49,0,0
"246",246,20210403,"abril","sexta-feira",0.37055086,46416.21,681.77,0,0
"247",247,20210404,"abril","sabado",0.403237308,38755.26,2176.45,0,0
"248",248,20210405,"abril","domingo",0.351693836,52526.48,1019.831928,0,0
"249",249,20210406,"abril","segunda-feira",0.404882348,111674.45,6304.4,0,0
"250",250,20210407,"abril","terca-feira",0.410728302,86726.36,3514.186961,0,0
"251",251,20210408,"abril","quarta-feira",0.419453721,131781.11,6750.424624,0,0
"252",252,20210409,"abril","quinta-feira",0.423184274,83161.95,2993,0,0
"253",253,20210410,"abril","sexta-feira",0.427201456,46695.55,2397.33,0,0
"254",254,20210411,"abril","sabado",0.412004378,62990.47,5241.14,0,0
"255",255,20210412,"abril","domingo",0.362881726,50536.43,1473.32,0,0
"256",256,20210413,"abril","segunda-feira",0.421022072,176301,8068.99,0,0
"257",257,20210414,"abril","terca-feira",0.394913829,75279.6,3632.03,0,0
"258",258,20210415,"abril","quarta-feira",0.41776296,62295.5,3855.79,0,0
"259",259,20210416,"abril","quinta-feira",0.430695572,116036.6,5339.558569,0,0
"260",260,20210417,"abril","sexta-feira",0.43373777,98250.85,4042.39,0,0
"261",261,20210418,"abril","sabado",0.428709523,49899.56,4074.938282,0,0
"262",262,20210419,"abril","domingo",0.420289106,32422.7,2233.61,0,0
"263",263,20210420,"abril","segunda-feira",0.431593119,67433.3,4831.71,0,0
"264",264,20210421,"abril","terca-feira",0.438497296,48818.12,3804.237703,0,0
"265",265,20210422,"abril","quarta-feira",0.425149824,76607.1,3782.3,0,0
"266",266,20210423,"abril","quinta-feira",0.443999966,57949.1,3750.7,0,0
"267",267,20210424,"abril","sexta-feira",0.414763685,36377.81,1702.84,0,0
"268",268,20210425,"abril","sabado",0.420804057,30649.45,1375.35,0,0
"269",269,20210426,"abril","domingo",0.476418596,37876.15,2874.06,0,0
"270",270,20210427,"abril","segunda-feira",0.425023254,60738.7,1528.38,0,0
"271",271,20210428,"abril","terca-feira",0.415351121,76321.62,1891.88,0,0
"272",272,20210429,"abril","quarta-feira",0.455966835,96921.06,6600.87,0,0
"273",273,20210430,"abril","quinta-feira",0.416611071,48761.95,3165.9,0,0
"274",274,20210501,"maio","sexta-feira",0.443346361,28994.75,2159,0,0
"275",275,20210502,"maio","sabado",0.418216952,32147.74,665,0,0
"276",276,20210503,"maio","domingo",0.42366082,41854.66,2625.68,0,0
"277",277,20210504,"maio","segunda-feira",0.428477517,135369.61,5985.06,0,0
"278",278,20210505,"maio","terca-feira",0.414874738,108558.97,4070.513017,0,0
"279",279,20210506,"maio","quarta-feira",0.415284531,56590.84,4015.07,0,0
"280",280,20210507,"maio","quinta-feira",0.385437251,37027.89,1393.43,0,0
"281",281,20210508,"maio","sexta-feira",0.441275309,47729.71,4240.25,0,0
"282",282,20210509,"maio","sabado",0.480178285,25510.35,1442,0,0
"283",283,20210510,"maio","domingo",0.414066335,25468.95,800,0,0
"284",284,20210511,"maio","segunda-feira",0.433647092,54445.3,1682.05,0,0
"285",285,20210512,"maio","terca-feira",0.438712333,54543.65,3049.04,0,0
"286",286,20210513,"maio","quarta-feira",0.40340921,55774.84,2307.36,0,0
"287",287,20210514,"maio","quinta-feira",0.414876306,31541.53,863.8,0,0
"288",288,20210515,"maio","sexta-feira",0.465049738,41235.45,2267.1,0,0
"289",289,20210516,"maio","sabado",0.432871773,16508.67,703.62,0,0
"290",290,20210517,"maio","domingo",0.438655147,35129.79,312.48,0,0
"291",291,20210518,"maio","segunda-feira",0.445747832,56392.73,2994.09,0,0
"292",292,20210519,"maio","terca-feira",0.46497213,79238.23,2629.35,0,0
"293",293,20210520,"maio","quarta-feira",0.450011917,77807.74,2162.17,0,0
"294",294,20210521,"maio","quinta-feira",0.428493692,77933.54,2500.588569,0,0
"295",295,20210522,"maio","sexta-feira",0.411639131,47408.85,1907.97,0,0
"296",296,20210523,"maio","sabado",0.39545559,23733.2,149,0,0
"297",297,20210524,"maio","domingo",0.441310715,35361.77,2304.66,0,0
"298",298,20210525,"maio","segunda-feira",0.42559114,56459.3,1949.67,0,0
"299",299,20210526,"maio","terca-feira",0.426193822,47821.69,1414.47,0,0
"300",300,20210527,"maio","quarta-feira",0.438328267,47781.29,2044.33,0,0
"301",301,20210528,"maio","quinta-feira",0.441513258,59683.92,4207.821834,0,0
"302",302,20210529,"maio","sexta-feira",0.441648902,67354.02,1511.53,0,0
"303",303,20210530,"maio","sabado",0.472268258,28165.64,2086.15,0,0
"304",304,20210531,"maio","domingo",0.408909,33082.37,616.43,0,0
"305",305,20210601,"junho","segunda-feira",0.440995577,57781.77,3475.81,0,0
"306",306,20210602,"junho","terca-feira",0.421868158,61722.2,2347.43,0,0
"307",307,20210603,"junho","quarta-feira",0.383117806,58310.42,1877.17,0,0
"308",308,20210604,"junho","quinta-feira",0.43308334,30539.08,314,0,0
"309",309,20210605,"junho","sexta-feira",0.437384701,70765.74,6597.25717,0,0
"310",310,20210606,"junho","sabado",0.406353522,44144.91,1854.13,0,0
"311",311,20210607,"junho","domingo",0.435097264,43181.56,3511.32,0,0
"312",312,20210608,"junho","segunda-feira",0.400497479,47884.16,1038.43,0,0
"313",313,20210609,"junho","terca-feira",0.411995722,61615.73,3999.35,0,0
"314",314,20210610,"junho","quarta-feira",0.370160541,49209.38,631.9465061,0,0
"315",315,20210611,"junho","quinta-feira",0.448022331,50960.49,4421.81,0,0
"316",316,20210612,"junho","sexta-feira",0.395735378,44573.5,1207.85,0,0
"317",317,20210613,"junho","sabado",0.423702677,44124.84,2874.1,0,0
"318",318,20210614,"junho","domingo",0.423873535,41382.69,1874.72,0,0
"319",319,20210615,"junho","segunda-feira",0.395148285,74995.26,1689.79,0,0
"320",320,20210616,"junho","terca-feira",0.382836804,56714.64,1710.77,0,0
"321",321,20210617,"junho","quarta-feira",0.403849554,55074,2009.05,0,0
"322",322,20210618,"junho","quinta-feira",0.433086671,83976.82,6106.8,0,0
"323",323,20210619,"junho","sexta-feira",0.427758524,49084.06,4533.92,0,0
"324",324,20210620,"junho","sabado",0.414386375,24102.45,399.21,0,0
"325",325,20210621,"junho","domingo",0.431570614,38512.25,2488.06,0,0
"326",326,20210622,"junho","segunda-feira",0.40300644,51316.51,1898.55,0,0
"327",327,20210623,"junho","terca-feira",0.407778997,62968.55,2518.74,0,0
"328",328,20210624,"junho","quarta-feira",0.451005341,63382.83,3794.41,0,0
"329",329,20210625,"junho","quinta-feira",0.413368195,52773.09,2199.44,0,0
"330",330,20210626,"junho","sexta-feira",0.44806908,47910.24,3304.87,0,0
"331",331,20210627,"junho","sabado",0.386877729,21234.24,403.65,0,0
"332",332,20210628,"junho","domingo",0.405112636,24655.52,1498.13,0,0
"333",333,20210629,"junho","segunda-feira",0.422249749,72156.32,2443.3,0,0
"334",334,20210630,"junho","terca-feira",0.431749696,65285.52,5102.11,0,0
"335",335,20210701,"julho","quarta-feira",0.482917949,66499.88,8119.455121,0,0
"336",336,20210702,"julho","quinta-feira",0.441774709,56121.85,6221.748569,0,0
"337",337,20210703,"julho","sexta-feira",0.438131067,43166.14,5425.13,0,0
"338",338,20210704,"julho","sabado",0.414694606,39549.3,3702.52,0,0
"339",339,20210705,"julho","domingo",0.451788033,38837.98,3769.28,0,0
"340",340,20210706,"julho","segunda-feira",0.442472391,61044.88,5536.33,0,0
"341",341,20210707,"julho","terca-feira",0.422227783,51054.73,3129.403658,0,0
"342",342,20210708,"julho","quarta-feira",0.500898132,114249.03,8572.42,0,0
"343",343,20210709,"julho","quinta-feira",0.4309505,66692.14,2805.60914,0,0
"344",344,20210710,"julho","sexta-feira",0.458733175,53059.37,7006.45939,0,0
"345",345,20210711,"julho","sabado",0.468156785,33916.51,5424.16313,0,0
"346",346,20210712,"julho","domingo",0.451689611,29241.2,3948.69939,0,0
"347",347,20210713,"julho","segunda-feira",0.447188836,46229.03,5272.7,0,0
"348",348,20210714,"julho","terca-feira",0.424156175,46289.45,3970.06626,0,0
"349",349,20210715,"julho","quarta-feira",0.416426183,75906.79,3814.378889,0,0
"350",350,20210716,"julho","quinta-feira",0.395392685,46769.76,3453.141769,0,0
"351",351,20210717,"julho","sexta-feira",0.384116071,40228.32,2125.3,0,0
"352",352,20210718,"julho","sabado",0.358358024,20892.39,32.65,0,0
"353",353,20210719,"julho","domingo",0.431795346,22313.77,854.88,0,0
"354",354,20210720,"julho","segunda-feira",0.393514678,49472.28,2095.79313,0,0
"355",355,20210721,"julho","terca-feira",0.359621515,30157.23,749.7431345,0,0
"356",356,20210722,"julho","quarta-feira",0.379244273,44801.82,1623.070013,0,0
"357",357,20210723,"julho","quinta-feira",0.381395491,43359.78,3443.097153,0,0
"358",358,20210724,"julho","sexta-feira",0.387822383,83283.1,4412.630146,0,0
"359",359,20210725,"julho","sabado",0.386818782,33913.35,1688.414027,0,0
"360",360,20210726,"julho","domingo",0.389438437,36155.77,3523.203918,0,0
"361",361,20210727,"julho","segunda-feira",0.39451018,43796.98,3487.843143,0,0
"362",362,20210728,"julho","terca-feira",0.48015449,71934.73,4965.29,0,0
"363",363,20210729,"julho","quarta-feira",0.446441006,124043.65,3477.950004,0,0
"364",364,20210730,"julho","quinta-feira",0.429695713,47482.53,4328.840013,0,0
"365",365,20210731,"julho","sexta-feira",0.41175942,46300.51,3378.83313,0,0
"366",366,20210801,"agosto","sabado",0.433051916,NA,3315.19288,0,0
"367",367,20210802,"agosto","domingo",0.437401408,NA,3631.24,0,0
"368",368,20210803,"agosto","segunda-feira",0.416075195,NA,3753.040004,0,0
"369",369,20210804,"agosto","terca-feira",0.385379138,NA,2523.500013,0,0
"370",370,20210805,"agosto","quarta-feira",0.389125456,NA,5285.936265,0,0
"371",371,20210806,"agosto","quinta-feira",0.371438327,NA,4415.98,0,0
"372",372,20210807,"agosto","sexta-feira",0.418108988,NA,3803.310997,0,0
"373",373,20210808,"agosto","sabado",0.372597177,NA,1764.178118,0,0
"374",374,20210809,"agosto","domingo",0.41569024,NA,1712.85,0,0
"375",375,20210810,"agosto","segunda-feira",0.42250359,NA,4604.669365,0,0
"376",376,20210811,"agosto","terca-feira",0.375647889,NA,3511.194353,0,0
"377",377,20210812,"agosto","quarta-feira",0.429712222,NA,3075.064353,0,0
"378",378,20210813,"agosto","quinta-feira",0.51316469,NA,29074.58595,1,0
"379",379,20210814,"agosto","sexta-feira",0.500685918,NA,16838.03812,0,0
"380",380,20210815,"agosto","sabado",0.373812897,NA,874.53,0,0
"381",381,20210816,"agosto","domingo",0.408430597,NA,1088.48247,0,0
"382",382,20210817,"agosto","segunda-feira",0.437045354,NA,5499.72219,0,0
"383",383,20210818,"agosto","terca-feira",0.396580041,NA,3129.898118,0,0
"384",384,20210819,"agosto","quarta-feira",0.441320276,NA,6034.358118,0,0
"385",385,20210820,"agosto","quinta-feira",0.370704892,NA,2384.578118,0,0
"386",386,20210821,"agosto","sexta-feira",0.463645167,NA,5376.469365,0,0
"387",387,20210822,"agosto","sabado",0.372723417,NA,611.05,0,0
"388",388,20210823,"agosto","domingo",0.427289592,NA,2679.465955,0,0
"389",389,20210824,"agosto","segunda-feira",0.412538962,NA,4317.2,0,0
"390",390,20210825,"agosto","terca-feira",0.3896158,NA,988.06,0,0
"391",391,20210826,"agosto","quarta-feira",0.400515874,NA,4353.41,0,0
"392",392,20210827,"agosto","quinta-feira",0.45156239,NA,5846.133551,0,0
"393",393,20210828,"agosto","sexta-feira",0.472608371,NA,2657.847261,0,0
"394",394,20210829,"agosto","sabado",0.385612326,NA,269.53,0,0
"395",395,20210830,"agosto","domingo",0.495614966,NA,3434.838118,0,0
"396",396,20210831,"agosto","segunda-feira",0.391485976,NA,2122.636306,0,0